,lemma,count,translation
0,δίκαιος,12961,"observant of custom and social rule, well-ordered, civilised"
1,δίκη,6754,"custom, usage"
2,ἀδικέω,4745,to do wrong
3,δικαιοσύνη,4486,"righteousness, justice"
4,ἄδικος,2993,"wrong-doing, unrighteous, unjust"
5,δικαστής,2493,a judge
6,ἀδικία,2053,"wrong-doing, injustice"
7,δικαστήριον,1432,a court of justice
8,δικάζω,1054,"to judge, to give judgment on"
9,ἀδίκημα,1032,"a wrong done, a wrong"
10,δικαιόω,740,to set right
11,δικαίωμα,411,an act by which wrong is set right
12,ἀντίδικος,284,"an opponent in a suit, defendant"
13,καταδικάζω,260,to give judgment against
14,ἀδικοῦντας,224,
15,δικανικός,192,"skilled in law, versed in pleading, lawyer-like"
16,ἐκδικέω,187,"to avenge, punish"
17,ἀδικοῦντα,178,
18,ἐκδίκησις,166,an avenging
19,δικαία,139,
20,καταδίκη,138,judgment given against one: the damages awarded
21,ἀδικουμένοις,112,
22,δικαιοπραγέω,112,to act honestly
23,δικαστικός,98,of
24,ἀδικοῦντες,91,
25,δικαίωσις,85,"a setting right, doing justice to: punishment"
26,ἀδικούμενος,74,
27,ὑπόδικος,73,brought to trial
28,ἀδικουμένους,72,
29,ἀδικούμενοι,61,
30,ἀδικούμενον,58,
31,ἀδικοῦντος,48,
32,δικάζοντες,44,
33,ἀδικουμένῳ,42,
34,δικάζοντας,42,
35,ἀδικηθεὶς,41,
36,δικαιωτήριον,40,a house of correction
37,δικαιολογίαν,36,
38,δικαιογένης,36,
39,δικαζομένων,34,
40,δικαιολογίας,29,
41,δικαζόμενον,27,
42,δικασπόλος,25,"one who administers law, a judge"
43,δικαιοκρισία,25,righteous judgment
44,δικαιο,24,
45,δικαιώσας,23,
46,ἀδικηθέντα,22,
47,δικαιολογέομαι,22,to plead one's cause before the judge
48,ἐκδικούμενα,22,
49,καταδικασθεὶς,20,
50,δικαζομένοις,19,
51,ἀδικηθέντες,19,
52,δικάζοντα,18,
53,δικαιογένους,18,
54,ἐκδικίαν,18,
55,δικάζοντος,18,
56,ἐκδικίας,18,
57,δικαιοπράγημα,17,a just
58,δικαζόμενος,17,
59,δικαιοῦσαν,17,
60,δικαιάρχειαν,16,
61,δικατάληκτον,16,
62,ἀδικοῦσαν,15,
63,ἀδικουμένου,15,
64,δικαιωτηρίων,15,
65,δικαιώσεως,14,
66,δικαιαρχείας,13,
67,δικαζόμενοι,13,
68,δικαιώμασι,13,
69,δικαιοςύνη,13,
70,δικαζομένους,12,
71,καταδικασθέντας,12,
72,δικαιόπολις,12,strict in public faith
73,δικαιοςύνης,12,
74,δικαιοῦντες,11,
75,ἀδικηθέντας,11,
76,ἀδικοῦντά,11,
77,δικαιάρχου,11,
78,δικάσαντες,11,
79,ἀδικηθεῖσιν,11,
80,ἀδικηθείς,11,
81,δικαζούσῃ,11,
82,ἀδικοῦσα,11,
83,ἀδικηθήσεται,11,
84,καταδικάζων,11,
85,δικαιότατε,11,
86,καταδικασθέντα,10,
87,καταδίκαις,10,
88,δικάσαντος,10,
89,δικαιολογούμενος,10,
90,δικάσοντας,10,
91,δικαιοῦντος,10,
92,δικαιοπραγία,10,just
93,δικατάληκτα,10,
94,δικαιοδοσίας,10,
95,δικαιογένην,9,
96,καταδικάζουσαν,9,
97,ἀδικούσης,9,
98,δικανικῆς,9,
99,ἐκδικηθήσεται,9,
100,δικαιοπραγῶν,9,
101,δικαιοπραγίας,8,
102,ἐκδικάζω,8,"to decide finally, settle"
103,καταδικασθέντες,8,
104,δικαιαρχείᾳ,8,
105,δικαιοδοσίαν,8,
106,δικαιολογία,8,
107,δικάσῃς,8,
108,ἀδικηθέντων,8,
109,ἀδικηθέντι,8,
110,δικαιώσω,8,
111,δικίδιον,8,a little trial
112,καταδικασθέντων,8,
113,ἀδικουμένης,8,
114,δικαιοςύνην,8,
115,δικαιώσατε,8,
116,δίκαιοςʼ,8,
117,καταδικασθείς,7,
118,δικάσοντες,7,
119,ἀδικοῦντάς,7,
120,δικαιώσαντος,7,
121,δικασθῆναι,7,
122,δικαιώμασί,7,
123,ἐκδικίῳ,7,
124,ἀδικουμένη,6,
125,καταδίκους,6,
126,δικαιαρχίαν,6,
127,ὑπόδικοι,6,
128,δικαιαρχίᾳ,6,
129,ἀδικηθείη,6,
130,δικαιοςύνῃ,6,
131,δικαιωθῇ,6,
132,δίκορος,6,
133,δικαιούμενος,6,
134,δικοτύλους,5,
135,καταδικασθέντος,5,
136,δικαιοπραγίαν,5,
137,δικολόγοι,5,
138,δικανικῷ,5,
139,δικαίαρχον,5,
140,δικαιῶσι,5,
141,καταδικασαμένοις,5,
142,δικάσων,5,
143,δικαςταί,5,
144,ἀδικητέος,5,one must do wrong
145,δικαιώσῃ,5,
146,δικαιοπραγοῦντος,5,
147,ἀδικομαχία,5,
148,καταδίκοις,5,
149,δικαιαρχίας,5,
150,ἐκδικίᾳ,5,
151,καταδικάζοντα,5,
152,δικαιοκρίτου,5,
153,δικαιοσύναις,5,
154,δίκαιονʼ,5,
155,δικαιοκρισίαν,5,
156,καταδικάζουσα,5,
157,δικαιοσύνα,5,
158,δικαστικοῦ,5,
159,δικαστικὰ,5,
160,δικόρυφος,4,two-peaked
161,δικασάμενος,4,
162,ἀδικουμένην,4,
163,ἀδικοῦσαι,4,
164,δικέφαλον,4,
165,καταδικασάμενος,4,
166,καταδικασάμενον,4,
167,ἀδικούμεναι,4,
168,δικαιόγενες,4,
169,δικαιοῦσα,4,
170,δικάσασα,4,
171,δικαιολογίαις,4,
172,καταδικάζοντες,4,
173,ἀδικούμενα,4,
174,δικαιούμενον,4,
175,δικαιολογεῖται,4,
176,δικαστικῶς,4,
177,δικαιουμένου,4,
178,ἀδικηθεῖσι,4,
179,δικαιάρχῳ,4,
180,δικασόμενον,4,
181,δικαιολογουμένων,4,
182,ἐκδικία,4,
183,δικαιοσ,4,
184,ἐκδικοῦντος,4,
185,δικανικῶς,4,
186,καταδίκου,4,
187,δικαιότητος,4,
188,δικαιοπραγοῦντι,4,
189,δικαιοπραγημάτων,4,
190,δικαιοπραξίαν,4,
191,δικαιοπραξίας,4,
192,καταδικάσει,4,
193,δικαιωθέντας,4,
194,δικαιοκρισίᾳ,4,
195,καταδικάσαντι,4,
196,δικαιωθεὶς,4,
197,ἀδικούμενοί,3,
198,καταδικαζόμενοι,3,
199,δικαιωτὴν,3,
200,καταδικαζομένοις,3,
201,δικαστά,3,
202,δικαιοπραγούντων,3,
203,δικασθέντα,3,
204,δικαζομένου,3,
205,δικαστέον,3,
206,δικαιογένει,3,
207,ἀδικούμενός,3,
208,δικάζουσαν,3,
209,ἀδικουμέναις,3,
210,δικάσαντας,3,
211,δικασθείσας,3,
212,ἀδίκαστος,3,undecided
213,δικάσηται,3,
214,δικάσομεν,3,
215,δικασάτω,3,
216,δικαιωθείς,3,
217,δικηφόρος,3,"bringing justice, avenging"
218,δικότυλον,3,
219,δικολογεῖν,3,
220,δικαζομένῳ,3,
221,δικαιόσυνος,3,
222,δικαιαρχείτης,3,
223,δικατάληκτά,3,
224,δικαιοδότης,3,
225,δικάσαντι,3,
226,δικαστικῇ,3,
227,δικέφαλος,3,
228,δικαιώσουσιν,3,
229,δικαιολογησάμενος,3,
230,δικέταν,3,
231,καταδικαζόμενος,3,
232,δίκηνʼ,3,
233,δικαίης,3,
234,δικάσομαι,3,
235,δικαιοπραγοῦντα,3,
236,δικαιοσύ,3,
237,καταδικασθήσονται,3,
238,δικαιωτηρίου,3,
239,δικίνιος,3,
240,δικαιοπραγίᾳ,3,
241,καταδικαζόμενον,3,
242,ἐκδικίου,3,
243,δικαιουμένων,3,
244,δικασμὸς,3,
245,δικαιώσαντα,3,
246,δικαιολογίᾳ,3,
247,δικαιωθέντος,3,
248,δικάσατε,3,
249,δικοῦσα,2,
250,δικαιολογίαι,2,
251,δικολόγον,2,
252,ἀδικούσῃ,2,
253,δίκηνδίκην,2,
254,δικαιολογουμένη,2,
255,ἀδικουμένας,2,
256,δικάσαιτο,2,
257,δικαζομένη,2,
258,δικαίαρχοςδικαίαρχος,2,
259,δικαιοδοτῶν,2,
260,δικασθεῖσα,2,
261,δικάζῃς,2,
262,δικότυλος,2,
263,δικοτύλων,2,
264,δικαιοκλῆς,2,
265,ἐκδικοῦντα,2,
266,δικογραφία,2,the composition of lawspeeches
267,ἀδικουσῶν,2,
268,δικάσασι,2,
269,δικάσοντά,2,
270,ἀδικέοντα,2,
271,δικασμός,2,
272,δικαιώσαντες,2,
273,δικάζωμαι,2,
274,δικάζουσα,2,
275,ἀδικοπραγεῖν,2,
276,δικορραφέω,2,to get up a lawsuit
277,δικαιοκράτης,2,
278,ἀδικηθησόμενος,2,
279,καταδικάσασαν,2,
280,δικόρυμβος,2,"two-pointed, two-peaked"
281,δικάσωμεν,2,
282,δικάσῃ,2,
283,ἀδικίη,2,
284,ἀδικουμένῃ,2,
285,δικαιολογουμένου,2,
286,δικαιολογούντων,2,
287,δικαιοῦτε,2,
288,δικασ,2,
289,δικότυλά,2,
290,ἀδικοίμεθα,2,
291,καταδικάσαντα,2,
292,καταδικαζομένων,2,
293,δικαιάρχεια,2,
294,δικαίαρχόν,2,
295,δίκαρπον,2,
296,δικαιοπραγοῦντες,2,
297,ἀδικηθῶσι,2,
298,ἀδικοῦντός,2,
299,καταδικασθεῖσιν,2,
300,ἐκδικηθήτω,2,
301,δικαστὰ,2,
302,δικαιωσυνην,2,
303,ἐκδικοῦσα,2,
304,δικαιωμασι,2,
305,δίκηἀλλʼ,2,
306,ἀδικοδοξίαν,2,
307,δικέντρους,2,
308,δικαιολογούμενοι,2,
309,καταδικαζομένους,2,
310,δικαιολογεῖσθε,2,
311,ἀδικίῃ,2,
312,ἀδικέομεν,2,
313,δικάσοι,2,
314,δικανικώτερος,2,
315,δικομαχοῦντας,2,
316,ἄδικαδίκαια,2,
317,δικαιούμεθα,2,
318,δικαζόμεναι,2,
319,δικαζόμενοί,2,
320,δικάζοιντό,2,
321,δίκησι,2,
322,δίκηλα,2,
323,δικαιοσννην,2,
324,δικατοσύνης,2,
325,ἐκδικάζουσα,2,
326,δικαστή,2,
327,ἀδικίανʼ,2,
328,καταδικάζητε,2,
329,καταδικαζόμεθα,2,
330,καταδικάζονται,2,
331,ἐκδικούμενον,2,
332,ἐκδικοῦσιν,2,
333,καταδικάσω,2,
334,δικαιωθήσεσθαι,2,
335,δικαιουμένη,2,
336,δικαιοπραγῶμεν,2,
337,ἐκδικητής,2,
338,δικαιώμ,2,
339,δίκαιιοι,2,
340,δικασπολίην,2,
341,καταδικασθεῖσι,2,
342,ἀδικημένων,2,
343,δικαιοσύνηι,2,
344,δικολόγους,2,
345,δικολόγων,2,
346,ἐκδικούντων,2,
347,δικαιωτηρίοις,2,
348,δικαιοπραγοῦσιν,2,
349,δικαστικὰς,2,
350,δικαιουμένης,2,
351,δικαιωθησομένων,2,
352,δικία,2,
353,δικαιωθέντων,2,
354,δικαιοπραγοῦς,2,
355,δικανικάς,2,
356,δικαιολογεῖν,2,
357,ἀδικουμέ,2,
358,δικηγόρου,2,
359,δικαιαρχία,2,
360,δικέραιον,2,
361,δικολόγος,2,"a pleader, advocate"
362,δικάζευ,1,
363,δικογράφων,1,
364,δικαστικούς,1,
365,δικαιοπραγμοσύνης,1,
366,δικαίωσ,1,
367,ἀδικοῦσά,1,
368,ἐκδικαστής,1,an avenger
369,ἐκδικάζοντες,1,
370,δικαιοσύνᾳ,1,
371,ἀδικούσας,1,
372,δικαζομένης,1,
373,ἀδικίανἀδικίαν,1,
374,δικάζωνʼ,1,
375,ἐκδικοῦντι,1,
376,δικόμης,1,
377,ἀδικοπραγοῦντες,1,
378,δικαιοσύνηνδικαιοσύνην,1,
379,ἀδικητικοὺς,1,
380,δικαιωτήν,1,
381,ἀδικητικὸν,1,
382,δικαιώσεων,1,
383,δικαιαρχείαν,1,
384,χρόνονἄδικα,1,
385,δικαιοπραγῆσαι,1,
386,δικολόγοις,1,
387,δικότυλοι,1,
388,δικαιοσύνηνκαὶ,1,
389,ἀδικησομένοις,1,
390,ἀδικησόμενον,1,
391,δικαιεῦντος,1,
392,δικασάμενοι,1,
393,δικαιογένουςὦ,1,
394,δικαιογένηνδικαιογένην,1,
395,δικαιογενην,1,
396,ὑπόδικοςὑπόδικος,1,
397,δικασαμένη,1,
398,δικαιονομεῖν,1,
399,ὥσπερἀδικημάτων,1,
400,δειλίαιἀδικίαι,1,
401,ἀδικοῦντές,1,
402,δικασθείσης,1,
403,ἀδικοπράγει,1,
404,ἀδικοπραγοῦσι,1,
405,ἀδίκημ,1,
406,δικαστῄριον,1,
407,ἀδικοπραγῶσι,1,
408,συγκρίσειἄδικος,1,
409,δικαιάδικοι,1,
410,δικαιονομίας,1,
411,ἀδικοῦντςεἰς,1,
412,δικασιὴς,1,
413,ἀδικο,1,
414,ἀδικηθεῖσαι,1,
415,δικατάρχιαν,1,
416,δικαιολογηθεὶς,1,
417,κἀδικουμένους,1,
418,δικάζουσʼ,1,
419,ἀδίκοιςθεσμοῖς,1,
420,δικασθεῖσινδικασθεῖσιν,1,
421,ἀδικουμένουςἀδικουμένους,1,
422,δικαιότεροικαὶ,1,
423,δικαίωςἀγ,1,
424,δίκαιόςδίκαιος,1,
425,ἀδικημάτωντῶν,1,
426,δικαίαςδικαίας,1,
427,δικαίωςοὐ,1,
428,δικαςτηρίου,1,
429,δικαιοκράτους,1,
430,δικαίαςὡς,1,
431,δίκαιαιμὴ,1,
432,λἀδικημάτων,1,
433,δικαστἂν,1,
434,ἀδικοῦνταςδημοτικώτατα,1,
435,ἀδικοῦνταςτοὺς,1,
436,ἀδικίαςἀδικίας,1,
437,δικαζομένας,1,
438,ἀδικησάντωνἀδικησάντων,1,
439,δίκολπον,1,
440,ἀδικοῖμι,1,
441,δικασταίὑμᾶς,1,
442,δικαιοσύνητούτων,1,
443,δίκηνδυοῖν,1,
444,δικάζειὁ,1,
445,δικασθέντων,1,
446,γιγνόμενονἀδικίαν,1,
447,δίκητιμωρία,1,
448,δικασαμένῳ,1,
449,δικασθεῖσιν,1,
450,καταδικασαμένου,1,
451,δίκηνοὐ,1,
452,ἐκδικασθεισῶν,1,
453,ἐκδικασθεῖσαι,1,
454,δικασίμων,1,
455,δικαιολογησαίμην,1,
456,δικαιολογοῦσι,1,
457,δικαιολογήσωμαι,1,
458,δικάστριαν,1,
459,ἐκδικάσασα,1,
460,ἐκδικασθῶσιν,1,
461,δικασάτωσαν,1,
462,καταδικασάτωσαν,1,
463,δικάσαιμι,1,
464,δικάζωμεν,1,
465,δικαιέουσιν,1,
466,δικοδίφης,1,
467,δικαζομένῃ,1,
468,δικαιολογήσομαι,1,
469,δικάζοιντο,1,
470,δικάσουσαν,1,
471,δικαιότητἀ,1,
472,δικάσασʼ,1,
473,δικασθησομένοις,1,
474,δικασπόλους,1,
475,καταδικασθείην,1,
476,καταδικασάμενοι,1,
477,δικασίμους,1,
478,δικαιάρχουπαραδέξασθαιἐνγὰρἁπάσαις,1,
479,δικαιοσύντην,1,
480,ἀδικίἀ,1,
481,ἀδικίασ,1,
482,δικόρυφοι,1,
483,δικόνδυλοι,1,
484,δίκαρ,1,
485,δίκαιδν,1,
486,δικαίουπερὶ,1,
487,δικαιρεῖ,1,
488,δίκαιοιν,1,
489,καταδικασάσης,1,
490,καταδικάσαντας,1,
491,δικάζοντασ,1,
492,δικολογίας,1,
493,δικηρίδης,1,
494,δικος,1,
495,δικατάληκτόν,1,
496,δικαρεῖται,1,
497,δίκαιρεθείς,1,
498,δίκαρπα,1,
499,δικαιοτάτηι,1,
500,δικαυλεῖ,1,
501,καταδικασθεῖσαν,1,
502,δικαιοδοτήσων,1,
503,δικαιάρχειάν,1,
504,δικαιοδοτεῖ,1,
505,δικαιοδοτοῦντος,1,
506,δικανικώτερον,1,
507,δικοῦντας,1,
508,δικολούρων,1,
509,δικόλουρος,1,
510,δικαιώσεσι,1,
511,δικαιότεῥ,1,
512,δικάζεἰ,1,
513,δικαζέτωσαν,1,
514,δικαιούτωσαν,1,
515,ἀδικηθήσῃ,1,
516,δικάσαντα,1,
517,δίκηνὅτῳ,1,
518,δικάσαιἀφίκετο,1,
519,δίκαιαἦν,1,
520,δικαιοδοτοῦντί,1,
521,δικαιωθεῖσι,1,
522,ἐκδικοῦσαν,1,
523,δικαιωματαυτου,1,
524,δικαιωμοτα,1,
525,δικάζεσθε,1,
526,δικασηται,1,
527,δικαιωσυνας,1,
528,δικαίωα,1,
529,ἐκδικησατε,1,
530,δικαιιωκοδ,1,
531,δικαστα,1,
532,ἐκδικηθήσονται,1,
533,καταδικάσῃ,1,
534,καταδικασηται,1,
535,δικαιοσύυην,1,
536,καταδικάσονται,1,
537,δικαιωμάπαου,1,
538,δικαιάματά,1,
539,δικαιώματαά,1,
540,καταδικάσῃς,1,
541,δίκαιωρι,1,
542,δίκαωων,1,
543,δικαιοσύνηπ,1,
544,καταδικάσεταις,1,
545,δικαἰου,1,
546,καταδικάσαωμεν,1,
547,δικαρσύνης,1,
548,δικαιωθῶσιν,1,
549,ἀδίκαν,1,
550,ἀδίκαων,1,
551,δικαιώσαισαν,1,
552,δικαιωθῇῆς,1,
553,δικαιωσυνης,1,
554,δικαιωθήτωσαν,1,
555,δικαιοσυνηςβασιλεα,1,
556,δικαιωσουσιν,1,
557,καταδικάσητε,1,
558,δικαστῶνδικαστῶν,1,
559,καταδικασαμένων,1,
560,δίκαιονδίκαιον,1,
561,δικαιώσοντα,1,
562,δικαιαρχῖται,1,
563,δικαιολογησόμενος,1,
564,δικαιολογηθέντες,1,
565,δικαιολογησομένους,1,
566,δικοίῳ,1,
567,δίκαμιον,1,
568,δίκαιρον,1,
569,δικέφαλός,1,
570,ἐκδίκου,1,
571,δικάρδιοί,1,
572,καταδικασθεῖσα,1,
573,δικάσομαί,1,
574,δικασομένους,1,
575,δικαιαρχέων,1,
576,δικάσασθαισημαίνει,1,
577,δικαζόμενός,1,
578,δικαιοσύνησ,1,
579,καταδικαστέον,1,
580,δικαιομέτρου,1,
581,δικαικῇ,1,
582,δικαικὸν,1,
583,δικαιολογῇ,1,
584,δικαιό,1,
585,δικίου,1,
586,δικαιολογικῶν,1,
587,δικολογικῶν,1,
588,ἀδίκημαʼ,1,
589,δικανικὰς,1,
590,δικαίωσκαὶ,1,
591,δικορράφους,1,
592,δικοτέχνας,1,
593,δικαστήρων,1,
594,δικηνλαγωιαρει,1,
595,ἀδικίαςπαύεσθαι,1,
596,δικοτύλου,1,
597,δικαίοισιν,1,
598,δικαζοίμην,1,
599,δικαιάρχιαν,1,
600,δικασόμεθα,1,
601,δικάζοις,1,
602,δικαιότητός,1,
603,δικάσαιντο,1,
604,ἀδικομαχοῦντας,1,
605,δικαστη,1,
606,δικαιότε,1,
607,δικάρδιον,1,
608,ἀδικητικός,1,
609,δικαιοπραγήσωσι,1,
610,δικαιοπραξίᾳ,1,
611,ἐκδικάσοντι,1,
612,δίκοκκος,1,
613,δικόκκου,1,
614,δίκοκκον,1,
615,δίκολλα,1,
616,δικαρχία,1,
617,δικαρ,1,
618,καταδικάσειεν,1,
619,δικαιοσὐνηνʼʼ,1,
620,δικαχῶς,1,
621,δικαιοσύοης,1,
622,ἄδικονδίκαιον,1,
623,κακόνἄδικον,1,
624,ὰνἀδικία,1,
625,δικαιλσύντης,1,
626,ἀδικίαδειλίας,1,
627,δικαιωσύνης,1,
628,δικαισύνης,1,
629,δίκαον,1,
630,ἀδικηθεῖεν,1,
631,δικαιούμενός,1,
632,δικάρηνοι,1,
633,δικαοσύνη,1,
634,δικαιωθῆτε,1,
635,δικασθήσονται,1,
636,δικαίις,1,
637,ἀδικούντα,1,
638,δικάσονται,1,
639,δικαοπόλος,1,
640,δικαιοΰννην,1,
641,δικαιοκρίτης,1,
642,δίκαιρος,1,
643,δίκου,1,
644,δικαιότατ,1,
645,δικασχολούμενοι,1,
646,δικολόγου,1,
647,δικέργου,1,
648,καταδικασθήσεται,1,
649,δικόρωνον,1,
650,ἐκδικηθήσομαι,1,
651,ἐκδικηθήσωμαι,1,
652,δικίας,1,
653,δικατοσύνη,1,
654,δικασμένων,1,
655,δικαιοσύνγν,1,
656,δικαιοτάταις,1,
657,δικαιοςὐνη,1,
658,δικαιωτάτους,1,
659,δικάξει,1,
660,δικαιοσύνηυν,1,
661,δικασκαλίᾳ,1,
662,ἀδικηθῶμεν,1,
663,δικαιοπραγήσειαν,1,
664,δικίᾳ,1,
665,δικαιώτατα,1,
666,δικοτομξῶν,1,
667,δικάσκει,1,
668,δικαιωδήσονται,1,
669,δικαοκρισίας,1,
670,δικαιοσύνμν,1,
671,δικέντρου,1,
672,δικάςων,1,
673,δικαιοῦσά,1,
674,δικαιοκύνης,1,
675,δικαιοπραγητέον,1,
676,ἀδίκημανομίζω,1,
677,δίκαιονεἶναι,1,
678,δικαίαρχοςδὲ,1,
679,ἀδικίαςʼ,1,
680,δικαστὴνκριτὴν,1,
681,δικαιολογίαςδιστολογίας,1,
682,ἐκδικοῦν,1,
683,δικαίᾠ,1,
684,καταδικαζέτω,1,
685,ἐκδικοῦντας,1,
686,δικαιόκριτης,1,
687,ἀδικοπραγημάτων,1,
688,δικαιωθησομένους,1,
689,καταδικάσαντος,1,
690,δικασθῶσιν,1,
691,καταδικάσεται,1,
692,καταδικαζόντων,1,
693,δικαιοςύναις,1,
694,δικαιώςῃ,1,
695,δικαισύνην,1,
696,δικαιοσύηης,1,
697,δικαισούνῃ,1,
698,ἀδικάτου,1,
699,δικάσκαλος,1,
700,ἐκδικουμένη,1,
701,δικασθησόμεθα,1,
702,καταδικάζῃ,1,
703,καταδικασθησόμενον,1,
704,δικαιρσύνῃ,1,
705,δικαιοπραγῆσαί,1,
706,δικαοσύνην,1,
707,δίκαος,1,
708,καταδικάσαν,1,
709,δικααιοσύνης,1,
710,ἐκδικουμένου,1,
711,δίκαιό,1,
712,καταδικάξων,1,
713,δίκαιτον,1,
714,δικατώμασι,1,
715,ἀδίκοθς,1,
716,ἀδικουμένος,1,
717,καταδικάζηται,1,
718,δικαιογεῖται,1,
719,καὶκαταδικά,1,
720,δίκαιονἔχοντα,1,
721,δικαιωθείημεν,1,
722,δικαιοσύσνῃ,1,
723,καταδικάζονταί,1,
724,δικαιοπρακτική,1,
725,ἀδικοῦσ,1,
726,δικηλοῦν,1,
727,δικηλῆ,1,
728,δικαιοποιῆσαι,1,
729,δικαιούνην,1,
730,δικαιεσννης,1,
731,δικάζεν,1,
732,δικαιεοσύνην,1,
733,δικαιοσύτν,1,
734,καταδικάζεπ,1,
735,δικαιοσύση,1,
736,δικαιώταῦτα,1,
737,δικαιωτων,1,
738,δικαιωμάτῶ,1,
739,δικαιὡμασιν,1,
740,δίκαπος,1,
741,δικαιόκριτον,1,
742,δικαώματα,1,
743,ἀδικοῦστας,1,
744,δίκοις,1,
745,δικαιοσόνη,1,
746,δικαίοςς,1,
747,δικάρηνος,1,two-headed
748,δικάρηνον,1,
749,δικαζομένην,1,
750,δικάσαντʼ,1,
751,δικάζοντά,1,
752,καταδικάζον,1,
753,ἐκδικηθείη,1,
754,καταδικαζούσης,1,
755,καταδικασαμένη,1,
756,δικασόμενος,1,
757,δικανι,1,
758,δικαζο,1,
759,ἀδίκησα,1,
760,δικαοταῖς,1,
761,δικαιοδύνην,1,
762,δικό,1,
763,δικαιοσυινην,1,
764,δικόρου,1,
765,καταδικάσντες,1,
766,ἐκδικούσης,1,
767,ἐκδικουμένῃ,1,
768,ἐκδικοῖντας,1,
769,δικασπολίῃσιν,1,
770,δικορραφίης,1,
771,δικαιότεραι,1,
772,δικαίοιν,1,
773,τῶνἀδικησάντων,1,
774,ἄδικονʼ,1,
775,δικαιολογουμένῳ,1,
776,καταδικάζοντας,1,
777,δικάζοντός,1,
778,δίκορον,1,
779,καταδικαζομέ,1,
780,καταδικασθέντι,1,
781,δικανευόμενον,1,
782,δικαιοοσύνην,1,
783,δίκατιον,1,
784,δικατοσύνην,1,
785,δικαιοοσύνη,1,
786,δικαιωτηεἰ,1,
787,δικαιοτήρια,1,
788,δικασταίʼ,1,
789,δίκαιοςἄνθρωπος,1,
790,δίκατιος,1,
791,δίκαιοςοὐκ,1,
792,δίκαιοςκαλλίας,1,
793,δικαίαἄδικος,1,
794,δικαιολογησόμεθα,1,
795,ἀδικομάχους,1,
796,δικαστικοὶ,1,
797,δικαίουʼʼ,1,
798,ἀδικηθῆναιʼ,1,
799,δίκασσε,1,
800,δικασπολίης,1,
801,δικαιοσύνηνῑγݲ,1,
802,δικαιοπραγήματος,1,
803,ἄδικονδικαίωμα,1,
804,δικαιπραγεῖν,1,
805,δικαιοπραγήσιε,1,
806,δικαιοσύην,1,
807,δίκαιατοιαῦτα,1,
808,δικαιοπραγοῦμεν,1,
809,ἀδικοπραγήματος,1,
810,ἀδικοπράγημα,1,
811,δικαιοπράγμηα,1,
812,δικαιοπραγήσας,1,
813,ἐκδικούμενος,1,
814,ἀδικάς,1,
815,ἀδικούνενον,1,
816,δικαιοπρα,1,
817,δίκαιονἀνάλογον,1,
818,δικατοπράγημα,1,
819,δικαιώσειζεύς,1,
820,δικαιοπραγήματα,1,
821,ἄδίκαιον,1,
822,δικαιςτήρια,1,
823,δικαιολογούμεθα,1,
824,δικασθείσαις,1,
825,δικαΰτάς,1,
826,δικάξειν,1,
827,δικασπολίη,1,
828,καταδικάσαντεσ,1,
829,δικατων,1,
830,δικησάντων,1,
831,δικαστικῶσ,1,
832,δικαιούνῃ,1,
833,δικαιοσύηῃ,1,
834,δικαιώμενα,1,
835,δικαιοθησόμεθα,1,
836,δικαιοληούμένος,1,
837,καταδικάσωσιν,1,
838,καταδικασθησόμεθα,1,
839,καταδικάσθησαν,1,
840,δικαιωθῆς,1,
841,δικαιούμενα,1,
842,δικαιοῦντι,1,
843,δικαιοῦμαι,1,
844,δίκαοι,1,
845,καταδικαυμἑνην,1,
846,δικαισῦντος,1,
847,δικαιοπραγήσῃ,1,
848,καταδικάζοντος,1,
849,δικαιωτάτοις,1,
850,δικαιωσύνῃ,1,
851,συγκαταδικασθήσεται,1,
852,ἐκδικούμενοι,1,
853,δικαιούσης,1,
854,δικαιῶσθαι,1,
855,δικαιοδικαιοσύνην,1,
856,δικασίᾳ,1,
857,καταδικασθείσης,1,
858,ἐκδικίαις,1,
859,δικαιοδοσίᾳ,1,
860,δικαιψσύνης,1,
861,δικαιοῦντας,1,
862,καταδικασθήσεσθαι,1,
863,συγκαταδικαζόμενον,1,
864,δίκηνπυλῶν,1,
865,δικαιολογεῖ,1,
866,δικάσοντα,1,
867,ἐκδικητὴς,1,
868,δίκαιασωματοποιεῖ,1,
869,καταδικασθείσας,1,
870,ἀντίδικα,1,
871,δικαιάρχω,1,
872,ἐκδικίανπαρέλαβε,1,
873,ἐκδικίαςπαρέβαλε,1,
874,δικαίωςʼ,1,
875,δικαιολογικῇ,1,
876,δικαιολογουμένοις,1,
877,ἀδικηθῆ,1,
878,ἄδικοντοὐναντίον,1,
879,ἐκδικουμένων,1,
880,ἀδικίῳ,1,
881,δικαᾳ,1,
882,δικαίαρ,1,
883,δίκησις,1,
884,δίκος,1,
885,δικαιολογικῷ,1,
886,δικαιολογικώτερον,1,
887,δικαςίαν,1,
888,δικασίαν,1,
889,δικασπόλε,1,
890,δικολέκτας,1,
891,ἀδικηθεῖ,1,
892,ἀδικοδοξία,1,
893,δικάρανον,1,
894,δικασίαις,1,
895,δικαιοπραγεῖς,1,
896,δικαιώσειν,1,
897,δικαιωσάμενοι,1,
898,ἀδικοῦντ,1,
899,δικαιώσειαν,1,
900,δικαιώσειεν,1,
901,δικίννιον,1,
902,δικαϊκόν,1,
903,δικαϊκὰν,1,
904,δικαϊκὸν,1,
905,δικαιάρχειαι,1,
906,δικαιοδοσία,1,
907,δικαστικοί,1,
908,δικοίαν,1,
909,δικαιώθ,1,
910,δικαίωσαχ,1,
911,ἐκδικάσασθαι,1,
912,καταδικασθέτων,1,
913,δικαιααρχν,1,
914,δικαιαρ,1,
915,δικαιαρχαστέλων,1,
916,δοτικῇἀδικουμένοις,1,
917,δικάζοπες,1,
918,δικηγόρος,1,
919,δικαστηρίῳν,1,
920,δικασάμενοί,1,
921,δικηγόρων,1,
922,δικέλλιον,1,
923,δικηλιστῶν,1,
924,δικαστικά,1,
